archivo,familia,base,anio,cobertura,nivel,grado,area,nivel_grado_inferido
2011 - 2024  - Diccionario bases aprender anonimizadas.xlsx,DICCIONARIO,,2011.0,,,,,
2011 Caracteristicas - agregada.xlsx,RA,Caracteristicas,2011.0,,,,,
2011 Cargos - agregada.xlsx,RA,Cargos,2011.0,,,,,
2011 Cargos Bis - agregada.xlsx,RA,Cargos Bis,2011.0,,,,,
2011 Matricula - agregada.xlsx,RA,Matricula,2011.0,,,,,
2011 Matricula por edad - agregada.xlsx,RA,Matricula por edad,2011.0,,,,,
2011 Poblacion - agregada.xlsx,RA,Poblacion,2011.0,,,,,
2011 Trayectoria - agregada.xlsx,RA,Trayectoria,2011.0,,,,,
2012 Caracteristicas - agregada.xlsx,RA,Caracteristicas,2012.0,,,,,
2012 Cargos - agregada.xlsx,RA,Cargos,2012.0,,,,,
2012 Cargos Bis - agregada.xlsx,RA,Cargos Bis,2012.0,,,,,
2012 Matricula - agregada.xlsx,RA,Matricula,2012.0,,,,,
2012 Matricula por edad - agregada.xlsx,RA,Matricula por edad,2012.0,,,,,
2012 Poblacion - agregada.xlsx,RA,Poblacion,2012.0,,,,,
2012 Trayectoria - agregada.xlsx,RA,Trayectoria,2012.0,,,,,
2013 Caracteristicas - agregada.xlsx,RA,Caracteristicas,2013.0,,,,,
2013 Cargos - agregada.xlsx,RA,Cargos,2013.0,,,,,
2013 Cargos Bis - agregada.xlsx,RA,Cargos Bis,2013.0,,,,,
2013 Matricula - agregada.xlsx,RA,Matricula,2013.0,,,,,
2013 Matricula por edad - agregada.xlsx,RA,Matricula por edad,2013.0,,,,,
2013 Poblacion - agregada.xlsx,RA,Poblacion,2013.0,,,,,
2013 Trayectoria - agregada.xlsx,RA,Trayectoria,2013.0,,,,,
2014 Caracteristicas - agregada.xlsx,RA,Caracteristicas,2014.0,,,,,
2014 Cargos - agregada.xlsx,RA,Cargos,2014.0,,,,,
2014 Cargos Bis - agregada.xlsx,RA,Cargos Bis,2014.0,,,,,
2014 Matricula - agregada.xlsx,RA,Matricula,2014.0,,,,,
2014 Matricula por edad - agregada.xlsx,RA,Matricula por edad,2014.0,,,,,
2014 Poblacion - agregada.xlsx,RA,Poblacion,2014.0,,,,,
2014 Trayectoria - agregada.xlsx,RA,Trayectoria,2014.0,,,,,
2015 Caracteristicas - agregada.xlsx,RA,Caracteristicas,2015.0,,,,,
2015 Cargos - agregada.xlsx,RA,Cargos,2015.0,,,,,
2015 Cargos Bis - agregada.xlsx,RA,Cargos Bis,2015.0,,,,,
2015 Matricula - agregada.xlsx,RA,Matricula,2015.0,,,,,
2015 Matricula por edad - agregada.xlsx,RA,Matricula por edad,2015.0,,,,,
2015 Poblacion - agregada.xlsx,RA,Poblacion,2015.0,,,,,
2015 Trayectoria - agregada.xlsx,RA,Trayectoria,2015.0,,,,,
2016 Base APRENDER Primaria - Agregada - Desempeños de Lengua.xlsx,APRENDER,,2016.0,Censal,Primaria,6 grado,Lengua,True
2016 Base APRENDER Primaria - Agregada - Desempeños de Matematica.xlsx,APRENDER,,2016.0,Censal,Primaria,6 grado,Matematica,True
2016 Base APRENDER Primaria - Agregada - Solo CC.xlsx,APRENDER,,2016.0,Censal,Primaria,6 grado,Solo CC,True
2016 Base APRENDER Primaria - Muestra 3grado - Agregada - Desempeños de Lengua.xlsx,APRENDER,,2016.0,Muestral,Primaria,3 grado,Lengua,False
2016 Base APRENDER Primaria - Muestra 3grado - Agregada - Desempeños de Matematica.xlsx,APRENDER,,2016.0,Muestral,Primaria,3 grado,Matematica,False
2016 Base APRENDER Primaria - Muestra 3grado - Agregada - Solo CC.xlsx,APRENDER,,2016.0,Muestral,Primaria,3 grado,Solo CC,False
2016 Base APRENDER Secundaria - Agregada - Desempeños de Ciencias Naturales.xlsx,APRENDER,,2016.0,Censal,Secundaria,5-6 año,Ciencias Naturales,True
2016 Base APRENDER Secundaria - Agregada - Desempeños de Ciencias Sociales.xlsx,APRENDER,,2016.0,Censal,Secundaria,5-6 año,Ciencias Sociales,True
2016 Base APRENDER Secundaria - Agregada - Desempeños de Lengua.xlsx,APRENDER,,2016.0,Censal,Secundaria,5-6 año,Lengua,True
2016 Base APRENDER Secundaria - Agregada - Desempeños de Matematica.xlsx,APRENDER,,2016.0,Censal,Secundaria,5-6 año,Matematica,True
2016 Base APRENDER Secundaria - Agregada - Solo CC.xlsx,APRENDER,,2016.0,Censal,Secundaria,5-6 año,Solo CC,True
2016 Base APRENDER Secundaria - Muestra 2-3 año - Agregada - Desempeños de Lengua.xlsx,APRENDER,,2016.0,Muestral,Secundaria,2-3 año,Lengua,False
2016 Base APRENDER Secundaria - Muestra 2-3 año - Agregada - Desempeños de Matematica.xlsx,APRENDER,,2016.0,Muestral,Secundaria,2-3 año,Matematica,False
2016 Base APRENDER Secundaria - Muestra 2-3 año - Agregada - Solo CC.xlsx,APRENDER,,2016.0,Muestral,Secundaria,2-3 año,Solo CC,False
2016 Caracteristicas - agregada.xlsx,RA,Caracteristicas,2016.0,,,,,
2016 Cargos - agregada.xlsx,RA,Cargos,2016.0,,,,,
2016 Cargos Bis - agregada.xlsx,RA,Cargos Bis,2016.0,,,,,
2016 Matricula - agregada.xlsx,RA,Matricula,2016.0,,,,,
2016 Matricula por edad - agregada.xlsx,RA,Matricula por edad,2016.0,,,,,
2016 Poblacion - agregada.xlsx,RA,Poblacion,2016.0,,,,,
2016 Trayectoria - agregada.xlsx,RA,Trayectoria,2016.0,,,,,
2017 Base APRENDER - Secundaria - Agregada - Solo CC.xlsx,APRENDER,,2017.0,Censal,Secundaria,5-6 año,Solo CC,True
2017 Base APRENDER Primaria - Agregada - Desempeños de Ciencias Naturales.xlsx,APRENDER,,2017.0,Censal,Primaria,6 grado,Ciencias Naturales,True
2017 Base APRENDER Primaria - Agregada - Desempeños de Ciencias Sociales.xlsx,APRENDER,,2017.0,Censal,Primaria,6 grado,Ciencias Sociales,True
2017 Base APRENDER Primaria - Agregada - Solo CC.xlsx,APRENDER,,2017.0,Censal,Primaria,6 grado,Solo CC,True
2017 Base APRENDER Secundaria - Agregada - Desempeños de Lengua.xlsx,APRENDER,,2017.0,Censal,Secundaria,5-6 año,Lengua,True
2017 Base APRENDER Secundaria - Agregada - Desempeños de Matematica.xlsx,APRENDER,,2017.0,Censal,Secundaria,5-6 año,Matematica,True
2017 Caracteristicas - agregada.xlsx,RA,Caracteristicas,2017.0,,,,,
2017 Cargos - agregada.xlsx,RA,Cargos,2017.0,,,,,
2017 Cargos Bis - agregada.xlsx,RA,Cargos Bis,2017.0,,,,,
2017 Matricula - agregada.xlsx,RA,Matricula,2017.0,,,,,
2017 Matricula por edad - agregada.xlsx,RA,Matricula por edad,2017.0,,,,,
2017 Poblacion - agregada.xlsx,RA,Poblacion,2017.0,,,,,
2017 Trayectoria - agregada.xlsx,RA,Trayectoria,2017.0,,,,,
2018 Base APRENDER - Agregada - Desempeños de Lengua.xlsx,APRENDER,,2018.0,Censal,Primaria,6 grado,Lengua,True
2018 Base APRENDER - Agregada - Desempeños de Matematica.xlsx,APRENDER,,2018.0,Censal,Primaria,6 grado,Matematica,True
2018 Base APRENDER - Agregada - Solo CC.xlsx,APRENDER,,2018.0,Censal,Primaria,6 grado,Solo CC,True
2018 Caracteristicas - agregada.xlsx,RA,Caracteristicas,2018.0,,,,,
2018 Cargos - agregada.xlsx,RA,Cargos,2018.0,,,,,
2018 Cargos Bis - agregada.xlsx,RA,Cargos Bis,2018.0,,,,,
2018 Matricula - agregada.xlsx,RA,Matricula,2018.0,,,,,
2018 Matricula por edad - agregada.xlsx,RA,Matricula por edad,2018.0,,,,,
2018 Poblacion - agregada.xlsx,RA,Poblacion,2018.0,,,,,
2018 Trayectoria - agregada.xlsx,RA,Trayectoria,2018.0,,,,,
2019 Base APRENDER - Censal - Secundaria 5-6 año - Agregada - Desempeños de Lengua.xlsx,APRENDER,,2019.0,Censal,Secundaria,5-6 año,Lengua,False
2019 Base APRENDER - Censal - Secundaria 5-6 año - Agregada - Desempeños de Matematica.xlsx,APRENDER,,2019.0,Censal,Secundaria,5-6 año,Matematica,False
2019 Base APRENDER - Censal - Secundaria 5-6 año - Agregada - Solo CC.xlsx,APRENDER,,2019.0,Censal,Secundaria,5-6 año,Solo CC,False
2019 Base APRENDER - Muestral  - Secundaria 5-6 año - Agregada - Desempeños de Ciencias naturales.xlsx,APRENDER,,2019.0,Muestral,Secundaria,5-6 año,Ciencias Naturales,False
2019 Base APRENDER - Muestral  - Secundaria 5-6 año - Agregada - Desempeños de Ciudadania.xlsx,APRENDER,,2019.0,Muestral,Secundaria,5-6 año,Ciudadania,False
2019 Caracteristicas - agregada.xlsx,RA,Caracteristicas,2019.0,,,,,
2019 Cargos - agregada.xlsx,RA,Cargos,2019.0,,,,,
2019 Cargos Bis - agregada.xlsx,RA,Cargos Bis,2019.0,,,,,
2019 Matricula - agregada.xlsx,RA,Matricula,2019.0,,,,,
2019 Matricula por edad - agregada.xlsx,RA,Matricula por edad,2019.0,,,,,
2019 Poblacion - agregada.xlsx,RA,Poblacion,2019.0,,,,,
2019 Trayectoria - agregada.xlsx,RA,Trayectoria,2019.0,,,,,
2020 Caracteristicas - agregada.xlsx,RA,Caracteristicas,2020.0,,,,,
2020 Cargos - agregada.xlsx,RA,Cargos,2020.0,,,,,
2020 Cargos Bis - agregada.xlsx,RA,Cargos Bis,2020.0,,,,,
2020 Matricula - agregada.xlsx,RA,Matricula,2020.0,,,,,
2020 Matricula por edad - agregada.xlsx,RA,Matricula por edad,2020.0,,,,,
2020 Poblacion - agregada.xlsx,RA,Poblacion,2020.0,,,,,
2020 Trayectoria - agregada.xlsx,RA,Trayectoria,2020.0,,,,,
2021 Base APRENDER - Censal - Primaria 6 grado - Agregada - Desempeños de Lengua.xlsx,APRENDER,,2021.0,Censal,Primaria,6 grado,Lengua,False
2021 Base APRENDER - Censal - Primaria 6 grado - Agregada - Desempeños de Matematica.xlsx,APRENDER,,2021.0,Censal,Primaria,6 grado,Matematica,False
2021 Base APRENDER - Censal - Primaria 6 grado - Agregada - Solo CC.xlsx,APRENDER,,2021.0,Censal,Primaria,6 grado,Solo CC,False
2021 Caracteristicas - agregada.xlsx,RA,Caracteristicas,2021.0,,,,,
2021 Cargos - agregada.xlsx,RA,Cargos,2021.0,,,,,
2021 Cargos Bis - agregada.xlsx,RA,Cargos Bis,2021.0,,,,,
2021 Matricula - agregada.xlsx,RA,Matricula,2021.0,,,,,
2021 Matricula por edad - agregada.xlsx,RA,Matricula por edad,2021.0,,,,,
2021 Poblacion - agregada.xlsx,RA,Poblacion,2021.0,,,,,
2021 Trayectoria - agregada.xlsx,RA,Trayectoria,2021.0,,,,,
2022 Base APRENDER - Censal - Secundaria 5-6 año - Agregada - Desempeños de Lengua.xlsx,APRENDER,,2022.0,Censal,Secundaria,5-6 año,Lengua,False
2022 Base APRENDER - Censal - Secundaria 5-6 año - Agregada - Desempeños de Matematica.xlsx,APRENDER,,2022.0,Censal,Secundaria,5-6 año,Matematica,False
2022 Base APRENDER - Censal - Secundaria 5-6 año - Agregada - Solo CC.xlsx,APRENDER,,2022.0,Censal,Secundaria,5-6 año,Solo CC,False
2022 Base APRENDER - Muestral - Primaria 6 grado - Agregada - Desempeños de Lengua.xlsx,APRENDER,,2022.0,Muestral,Primaria,6 grado,Lengua,False
2022 Base APRENDER - Muestral - Primaria 6 grado - Agregada - Desempeños de Matematica.xlsx,APRENDER,,2022.0,Muestral,Primaria,6 grado,Matematica,False
2022 Base APRENDER - Muestral - Primaria 6 grado - Agregada - Solo CC.xlsx,APRENDER,,2022.0,Muestral,Primaria,6 grado,Solo CC,False
2022 Caracteristicas - agregada.xlsx,RA,Caracteristicas,2022.0,,,,,
2022 Cargos - agregada.xlsx,RA,Cargos,2022.0,,,,,
2022 Cargos Bis - agregada.xlsx,RA,Cargos Bis,2022.0,,,,,
2022 Matricula - agregada.xlsx,RA,Matricula,2022.0,,,,,
2022 Matricula por edad - agregada.xlsx,RA,Matricula por edad,2022.0,,,,,
2022 Poblacion - agregada.xlsx,RA,Poblacion,2022.0,,,,,
2022 Trayectoria - agregada.xlsx,RA,Trayectoria,2022.0,,,,,
2023 Base APRENDER - Censal - Primaria 6 grado - Agregada - Desempeños de Lengua.xlsx,APRENDER,,2023.0,Censal,Primaria,6 grado,Lengua,False
2023 Base APRENDER - Censal - Primaria 6 grado - Agregada - Desempeños de Matematica.xlsx,APRENDER,,2023.0,Censal,Primaria,6 grado,Matematica,False
2023 Base APRENDER - Censal - Primaria 6 grado - Agregada - Solo CC.xlsx,APRENDER,,2023.0,Censal,Primaria,6 grado,Solo CC,False
2023 Caracteristicas - agregada.xlsx,RA,Caracteristicas,2023.0,,,,,
2023 Cargos - agregada.xlsx,RA,Cargos,2023.0,,,,,
2023 Cargos Bis - agregada.xlsx,RA,Cargos Bis,2023.0,,,,,
2023 Matricula - agregada.xlsx,RA,Matricula,2023.0,,,,,
2023 Matricula por edad - agregada.xlsx,RA,Matricula por edad,2023.0,,,,,
2023 Poblacion - agregada.xlsx,RA,Poblacion,2023.0,,,,,
2023 Trayectoria - agregada.xlsx,RA,Trayectoria,2023.0,,,,,
2024 Base APRENDER - Censal - Secundaria 5-6 año - Agregada - Desempeños de Lengua.xlsx,APRENDER,,2024.0,Censal,Secundaria,5-6 año,Lengua,False
2024 Base APRENDER - Censal - Secundaria 5-6 año - Agregada - Desempeños de Matematica.xlsx,APRENDER,,2024.0,Censal,Secundaria,5-6 año,Matematica,False
2024 Base APRENDER - Censal - Secundaria 5-6 año - Agregada - Solo CC.xlsx,APRENDER,,2024.0,Censal,Secundaria,5-6 año,Solo CC,False
2024 Base APRENDER - Muestral - Primaria 3 grado - Agregada - Desempeños de Lengua.xlsx,APRENDER,,2024.0,Muestral,Primaria,3 grado,Lengua,False
2024 Base APRENDER - Muestral - Primaria 3 grado - Agregada - Solo CC.csv.xlsx,APRENDER,,2024.0,Muestral,Primaria,3 grado,Solo CC,False
2024 Caracteristicas - agregada.xlsx,RA,Caracteristicas,2024.0,,,,,
2024 Cargos - agregada.xlsx,RA,Cargos,2024.0,,,,,
2024 Cargos Bis - agregada.xlsx,RA,Cargos Bis,2024.0,,,,,
2024 Matricula - agregada.xlsx,RA,Matricula,2024.0,,,,,
2024 Matricula por edad - agregada.xlsx,RA,Matricula por edad,2024.0,,,,,
2024 Poblacion - agregada.xlsx,RA,Poblacion,2024.0,,,,,
2024 Trayectoria - agregada.xlsx,RA,Trayectoria,2024.0,,,,,
2025 Base APRENDER - Censal - Primaria 6 grado - Agregada - Desempeños de Lengua.xlsx,APRENDER,,2025.0,Censal,Primaria,6 grado,Lengua,False
2025 Base APRENDER - Censal - Primaria 6 grado - Agregada - Desempeños de Matematica.xlsx,APRENDER,,2025.0,Censal,Primaria,6 grado,Matematica,False
2025 Base APRENDER - Censal - Primaria 6 grado - Agregada - Solo CC.xlsx,APRENDER,,2025.0,Censal,Primaria,6 grado,Solo CC,False
2025 Caracteristicas - agregada.xlsx,RA,Caracteristicas,2025.0,,,,,
2025 Cargos - agregada.xlsx,RA,Cargos,2025.0,,,,,
2025 Cargos Bis - agregada.xlsx,RA,Cargos Bis,2025.0,,,,,
2025 Matricula - agregada.xlsx,RA,Matricula,2025.0,,,,,
2025 Matricula por edad - agregada.xlsx,RA,Matricula por edad,2025.0,,,,,
2025 Poblacion - agregada.xlsx,RA,Poblacion,2025.0,,,,,
2025 Trayectoria - agregada.xlsx,RA,Trayectoria,2025.0,,,,,
Diccionario de bases RA anonimizadas.xlsx,DICCIONARIO,,,,,,,
"ICSE 2022_provincias, deptos y fracción.xlsx",OTRO,,,,,,,
